first_name,last_name,email,years
Helli,Bartczak,hbartczak0@squidoo.com,2
Laurel,Minucci,lminucci1@odnoklassniki.ru,6
Melonie,Angric,mangric2@desdev.cn,1
Zack,Jaynes,zjaynes3@woothemes.com,7
Bea,Bamell,bbamell4@cafepress.com,2
Livvyy,Linay,llinay5@tripod.com,4
Jacenta,Lachaize,jlachaize6@studiopress.com,2
Mohandis,Yetts,myetts7@addthis.com,1
Galina,Pratt,gpratt8@statcounter.com,4
Lorianne,Blewmen,lblewmen9@nature.com,5
Doris,Couthard,dcoutharda@mapy.cz,5
Junina,Downage,jdownageb@360.cn,4
Ceil,Lanktree,clanktreec@drupal.org,4
Shaina,Heighton,sheightond@bizjournals.com,3
Allsun,Blakeley,ablakeleye@oakley.com,5
Clywd,Czapla,cczaplaf@feedburner.com,3
Viva,Beacon,vbeacong@furl.net,2
Tatiania,Biggin,tbigginh@youtube.com,3
Doria,Feaster,dfeasteri@cbslocal.com,4
Xymenes,Ludlam,xludlamj@trellian.com,5
Adelbert,Lovie,aloviek@boston.com,5
Adda,Slinn,aslinnl@answers.com,2
Adelle,Plomer,aplomerm@wix.com,6
Vida,Olden,voldenn@twitpic.com,2
Huntlee,Godly,hgodlyo@amazonaws.com,5
Merralee,Davidoff,mdavidoffp@chronoengine.com,2
Alyda,Furbank,afurbankq@mlb.com,1
Tabb,Cayser,tcayserr@nhs.uk,1
Scotti,Shaul,sshauls@illinois.edu,2
Gabie,Old,goldt@statcounter.com,6
Lynnell,Monteath,lmonteathu@opera.com,7
Stephani,Le Surf,slesurfv@unicef.org,5
Joyce,Rielly,jriellyw@networkadvertising.org,3
Fanchon,Middlebrook,fmiddlebrookx@4shared.com,5
Pierce,Dearan,pdearany@liveinternet.ru,2
Alano,Ebbs,aebbsz@sakura.ne.jp,3
Darla,Vasyunin,dvasyunin10@g.co,5
Wilbert,O' Connell,woconnell11@gravatar.com,4
Adina,O'Crevy,aocrevy12@lulu.com,6
Rita,Robecon,rrobecon13@tmall.com,2
Bert,Duddle,bduddle14@unblog.fr,3
Danila,Franssen,dfranssen15@godaddy.com,2
Engracia,Tape,etape16@lulu.com,4
Dela,Morphet,dmorphet17@tinyurl.com,5
Nora,Jina,njina18@mashable.com,3
Waite,Tomasian,wtomasian19@angelfire.com,3
Lane,Portriss,lportriss1a@unblog.fr,5
Simone,Tobin,stobin1b@telegraph.co.uk,1
Roderich,Bargh,rbargh1c@blogspot.com,1
Magda,Gooderham,mgooderham1d@tripadvisor.com,2
Paulette,Norewood,pnorewood1e@gizmodo.com,6
Humfried,Gatlin,hgatlin1f@youtube.com,1
Rufus,Wilbraham,rwilbraham1g@chronoengine.com,2
Kellia,Dancer,kdancer1h@rediff.com,4
Dal,Pettet,dpettet1i@tuttocitta.it,3
Olva,Giffen,ogiffen1j@theatlantic.com,4
Kermit,Fulstow,kfulstow1k@miibeian.gov.cn,4
Elsie,Corbridge,ecorbridge1l@wordpress.org,4
Aeriela,Crudgington,acrudgington1m@purevolume.com,2
Christiano,Astie,castie1n@friendfeed.com,5
Jan,Oels,joels1o@oracle.com,6
Mirabel,Tennick,mtennick1p@themeforest.net,4
Sibyl,Beebis,sbeebis1q@hibu.com,5
Darline,Yerborn,dyerborn1r@deviantart.com,1
Addie,Kimble,akimble1s@reddit.com,5
Jerrine,Walsom,jwalsom1t@ameblo.jp,4
Brenden,Burberye,bburberye1u@prnewswire.com,4
Kala,Stirton,kstirton1v@a8.net,2
Clair,Doud,cdoud1w@edublogs.org,4
Gustav,Rossant,grossant1x@prnewswire.com,5
Yorke,Mulloch,ymulloch1y@usgs.gov,2
Marybelle,Byrcher,mbyrcher1z@earthlink.net,4
Loreen,Orpin,lorpin20@taobao.com,6
Joshia,Cawkwell,jcawkwell21@sfgate.com,4
Ced,Samways,csamways22@telegraph.co.uk,3
Farlie,Tuplin,ftuplin23@blogger.com,4
Maxi,Brislen,mbrislen24@bluehost.com,4
Brena,Penniell,bpenniell25@netvibes.com,4
Lodovico,Rown,lrown26@blogs.com,4
Zarah,Roubeix,zroubeix27@gravatar.com,6
Shell,Giovannetti,sgiovannetti28@google.com.au,4
Charlot,Castri,ccastri29@liveinternet.ru,5
Karrie,Gymblett,kgymblett2a@dropbox.com,1
Corri,Preshaw,cpreshaw2b@hhs.gov,1
Ximenez,Calderonello,xcalderonello2c@ning.com,6
Marcello,Seddon,mseddon2d@yandex.ru,5
Ainslie,Tuley,atuley2e@shinystat.com,2
Lissie,Isack,lisack2f@t.co,1
Erhart,Toderbrugge,etoderbrugge2g@blogtalkradio.com,4
Thain,Dollman,tdollman2h@ezinearticles.com,2
Linoel,Larder,llarder2i@goo.gl,5
Kirstyn,Wroath,kwroath2j@fema.gov,1
Bessie,Shipway,bshipway2k@ucoz.com,7
Julian,Cabotto,jcabotto2l@census.gov,4
Elladine,Lawlan,elawlan2m@cbc.ca,4
Estevan,Costigan,ecostigan2n@blinklist.com,7
Stephanus,Gamlen,sgamlen2o@unicef.org,2
Ashley,Roake,aroake2p@devhub.com,2
Von,Soot,vsoot2q@reddit.com,5
Bryon,Pulman,bpulman2r@time.com,1
Veronique,Izatt,vizatt2s@seattletimes.com,4
Nara,Pond-Jones,npondjones2t@fastcompany.com,3
Lorry,Bestar,lbestar2u@baidu.com,5
Georg,Seman,gseman2v@nih.gov,5
Heath,Pencot,hpencot2w@virginia.edu,7
Garnet,Duerden,gduerden2x@tripod.com,5
Candice,Pond,cpond2y@vkontakte.ru,2
Tani,Teaser,tteaser2z@cnn.com,3
Patrizia,Allmen,pallmen30@mayoclinic.com,4
Melamie,Kopecka,mkopecka31@theglobeandmail.com,1
Letitia,Godmar,lgodmar32@typepad.com,4
Aloysia,Reddecliffe,areddecliffe33@zimbio.com,4
Garrik,Knowlson,gknowlson34@cargocollective.com,2
Zabrina,Cock,zcock35@wp.com,5
Rayna,Lechelle,rlechelle36@163.com,7
Wendell,Abbot,wabbot37@prnewswire.com,4
Tiffie,Loos,tloos38@answers.com,2
Udall,Tully,utully39@freewebs.com,4
Tod,Hassard,thassard3a@ox.ac.uk,5
Layla,Tumielli,ltumielli3b@usa.gov,1
Clareta,Croxall,ccroxall3c@ezinearticles.com,1
James,Lanceley,jlanceley3d@hud.gov,2
Arlene,Dawidowitsch,adawidowitsch3e@shutterfly.com,4
Standford,Boath,sboath3f@omniture.com,3
Dara,Redborn,dredborn3g@typepad.com,3
Joelynn,Kilcullen,jkilcullen3h@qq.com,2
Wendell,Oakden,woakden3i@mashable.com,1
Demetris,McTrustram,dmctrustram3j@prweb.com,4
Sig,Francescotti,sfrancescotti3k@usda.gov,5
Sibella,Sheers,ssheers3l@csmonitor.com,5
Lancelot,Jickells,ljickells3m@thetimes.co.uk,4
Remington,Loncaster,rloncaster3n@google.es,1
Fitzgerald,Keane,fkeane3o@google.nl,4
Kevin,Brookwell,kbrookwell3p@ft.com,3
Rosco,Brugger,rbrugger3q@mail.ru,2
Hill,Kimble,hkimble3r@wikipedia.org,8
Boycie,Hazell,bhazell3s@storify.com,2
Eula,Latch,elatch3t@mashable.com,4
Rory,Fulop,rfulop3u@example.com,7
Tracie,Perche,tperche3v@vinaora.com,2
Marco,Borgnet,mborgnet3w@cdc.gov,1
Claudianus,Grinikhinov,cgrinikhinov3x@indiatimes.com,4
Elisha,Logg,elogg3y@google.fr,1
Cosette,Berkely,cberkely3z@blogspot.com,4
Gilburt,Voelker,gvoelker40@vkontakte.ru,4
Esther,Carpe,ecarpe41@amazon.co.uk,4
Marrilee,Hissett,mhissett42@pagesperso-orange.fr,4
Giana,Lant,glant43@newsvine.com,3
Jemima,Santry,jsantry44@ihg.com,3
Milena,Laslett,mlaslett45@people.com.cn,2
Jordon,Trigg,jtrigg46@tinypic.com,5
Fran,Oakly,foakly47@histats.com,3
Ileana,Florence,iflorence48@prlog.org,2
Harri,St. Hill,hsthill49@answers.com,1
Nicholle,Cookson,ncookson4a@example.com,2
Hart,Heinicke,hheinicke4b@stanford.edu,2
Jo,Whickman,jwhickman4c@cmu.edu,4
Wynn,Tolchar,wtolchar4d@nydailynews.com,2
Regan,Enrico,renrico4e@squarespace.com,6
Cosmo,Heisler,cheisler4f@nih.gov,4
Julio,Foggo,jfoggo4g@mashable.com,4
Peria,Selbie,pselbie4h@miibeian.gov.cn,5
Humfrid,Cabral,hcabral4i@histats.com,3
Cindi,MacQuaker,cmacquaker4j@state.tx.us,5
Ariadne,Lebarree,alebarree4k@stanford.edu,3
Aggi,Jordanson,ajordanson4l@wufoo.com,6
Mag,McRobert,mmcrobert4m@vk.com,5
Cindi,MacQuaker,cmacquaker4j@state.tx.us,8
Zeke,McPhelimey,zmcphelimey4n@squarespace.com,4
Miltie,Nanelli,mnanelli4o@paypal.com,3
Nissie,Grafton-Herbert,ngraftonherbert4p@e-recht24.de,2
Vivienne,Searby,vsearby4q@1und1.de,3
Mada,Fairney,mfairney4r@netvibes.com,6
Skelly,Paute,spaute4s@msn.com,4
Jessalin,Dwelley,jdwelley4t@yahoo.co.jp,1
Shepherd,Harrill,sharrill4u@bing.com,3
Zebulen,Shrubsall,zshrubsall4v@live.com,2
Alexis,Bene,abene4w@i2i.jp,2
Hilarius,Swenson,hswenson4x@addtoany.com,5
Libby,Stede,lstede4y@surveymonkey.com,4
Belita,Goldwater,bgoldwater4z@psu.edu,6
Deonne,Stebbins,dstebbins50@utexas.edu,3
Jdavie,Laxon,jlaxon51@yale.edu,5
Daniel,Kilvington,dkilvington52@xing.com,3
Raff,Leynagh,rleynagh53@homestead.com,1
Dayna,Manby,dmanby54@fda.gov,2
Dewain,Belhomme,dbelhomme55@technorati.com,5
Friederike,Wesley,fwesley56@spiegel.de,2
Zach,Mattusevich,zmattusevich57@nyu.edu,2
Fransisco,Steabler,fsteabler58@gov.uk,3
Franky,Milkeham,fmilkeham59@mapquest.com,1
Morgan,Arman,marman5a@chronoengine.com,1
Rosaline,Saurat,rsaurat5b@slate.com,4
Cinderella,Beamson,cbeamson5c@google.com,3
Blaire,Cloney,bcloney5d@blinklist.com,4
Tymon,Sherbourne,tsherbourne5e@census.gov,3
Teodor,Bamell,tbamell5f@domainmarket.com,4
Paule,Barnson,pbarnson5g@virginia.edu,2
Jenda,Emblen,jemblen5h@huffingtonpost.com,3
Caty,Gawen,cgawen5i@vimeo.com,2
Andres,Frisby,afrisby5j@webeden.co.uk,5
Bo,Darter,bdarter5k@phpbb.com,3
Linnell,Marzelle,lmarzelle5l@parallels.com,2
Bathsheba,Pischoff,bpischoff5m@wp.com,5
Regina,de Zamora,rdezamora5n@bandcamp.com,1
Aylmar,McLauchlin,amclauchlin5o@vimeo.com,1
Nikkie,Gordon-Giles,ngordongiles5p@upenn.edu,3
Sinclair,Pevsner,spevsner5q@godaddy.com,1
Dorian,Balden,dbalden5r@stanford.edu,5
James,Errowe,jerrowe5s@google.com.au,7
Maurise,Kuzma,mkuzma5t@pinterest.com,2
Robin,Wansbury,rwansbury5u@sina.com.cn,5
Hilarius,Caslake,hcaslake5v@bizjournals.com,2
Rebeka,Divver,rdivver5w@dyndns.org,3
Yehudi,Reubel,yreubel5x@yellowpages.com,3
Brook,Gowthrop,bgowthrop5y@a8.net,6
Rudyard,Carsey,rcarsey5z@topsy.com,8
Lenore,Van den Hof,lvandenhof60@barnesandnoble.com,3
Zedarius,Caslake,hcaslake5v@bizjournals.com,2
Ingaborg,Drewery,idrewery61@feedburner.com,5
Olly,Ragate,oragate62@cornell.edu,2
Bronny,Buxsey,bbuxsey63@canalblog.com,3
Sherline,Reichelt,sreichelt64@theatlantic.com,4
Alys,Beaston,abeaston65@shinystat.com,2
Bendix,Barringer,bbarringer66@php.net,3
Banky,Ivshin,bivshin67@springer.com,4
Franny,Rivalant,frivalant68@hibu.com,4
Janis,Klejin,jklejin69@xinhuanet.com,2
Teressa,Gouldbourn,tgouldbourn6a@prlog.org,2
Darline,Danko,ddanko6b@nps.gov,6
Michelle,Aizikovitch,maizikovitch6c@icio.us,1
Yuma,Hedworth,yhedworth6d@yolasite.com,4
Gerri,Elphee,gelphee6e@bloglines.com,5
Bryana,Arnot,barnot6f@odnoklassniki.ru,1
Ainslee,Dunican,adunican6g@amazon.de,4
Jean,Blakeway,jblakeway6h@a8.net,1
Artus,Trynor,atrynor6i@ning.com,1
Edvard,Tabner,etabner6j@weibo.com,3
Inga,Ida,iida6k@geocities.jp,2
Jacobo,Deuss,jdeuss6l@ebay.co.uk,2
Allie,Denge,adenge6m@odnoklassniki.ru,3
Angelita,Reveley,areveley6n@globo.com,4
Sonny,McCullock,smccullock6o@jalbum.net,2
Rozele,Goshawk,rgoshawk6p@yale.edu,2
Delcine,Headingham,dheadingham6q@blog.com,7
Rhett,Ickovitz,rickovitz6r@deviantart.com,3
Aleece,Tomala,atomala6s@google.pl,7
Bonita,Geldeard,bgeldeard6t@youku.com,5
Paxton,Apedaile,papedaile6u@cargocollective.com,6
Gelya,Troyes,gtroyes6v@barnesandnoble.com,6
Darbie,Ingledew,dingledew6w@admin.ch,6
Adriana,Baszkiewicz,abaszkiewicz6x@usatoday.com,2
Kendricks,Hedon,khedon6y@unblog.fr,1
Giusto,Dukelow,gdukelow6z@mayoclinic.com,4
Vassili,Littlecote,vlittlecote70@infoseek.co.jp,3
Dev,Worpole,dworpole71@xinhuanet.com,4
Mahala,Melmar,mmelmar72@zdnet.com,6
Rudolph,Desvignes,rdesvignes73@eventbrite.com,5
Granger,Alloisi,galloisi74@slate.com,3
Jennee,Rosbottom,jrosbottom75@ucla.edu,1
Darren,Groves,dgroves76@amazonaws.com,6
Antonius,Hawtry,ahawtry77@example.com,3
Sande,Curwood,scurwood78@mapquest.com,4
Boot,Josefer,bjosefer79@wordpress.com,4
Tarah,MacGray,tmacgray7a@technorati.com,1
Fergus,Burris,fburris7b@fastcompany.com,3
Pall,Clinkard,pclinkard7c@digg.com,6
Grannie,Stebbings,gstebbings7d@ucoz.com,6
Roxana,Tomasz,rtomasz7e@buzzfeed.com,4
Sissie,Bowdidge,sbowdidge7f@weebly.com,6
Dinnie,Munday,dmunday7g@bigcartel.com,1
Ferrell,Cearley,fcearley7h@washington.edu,3
Mitch,Burthom,mburthom7i@amazon.co.jp,6
Gradeigh,Navein,gnavein7j@china.com.cn,4
Zacherie,Harlowe,zharlowe7k@wikispaces.com,3
Morissa,Hurdiss,mhurdiss7l@mapquest.com,5
Alley,Grange,agrange7m@nhs.uk,5
Cooper,Goodchild,cgoodchild7n@desdev.cn,5
Rhody,Caller,rcaller7o@yolasite.com,3
Bambie,Calliss,bcalliss7p@auda.org.au,5
Nehemiah,Haithwaite,nhaithwaite7q@thetimes.co.uk,2
Valaree,Klimashevich,vklimashevich7r@economist.com,3
Caritta,Calf,ccalf7s@yahoo.co.jp,9
Morgen,Folshom,mfolshom7t@indiegogo.com,3
Gratia,Phillpotts,gphillpotts7u@liveinternet.ru,3
Doralyn,Goodall,dgoodall7v@sohu.com,3
Livvie,Goodredge,lgoodredge7w@tumblr.com,8
Arne,Brigden,abrigden7x@blinklist.com,4
Tony,Weitzel,tweitzel7y@desdev.cn,3
Jory,Kitteman,jkitteman7z@jiathis.com,1
Bettina,Ritchard,britchard80@europa.eu,4
Emma,Kerford,ekerford81@shop-pro.jp,7
Lauraine,Hurburt,lhurburt82@artisteer.com,2
Virge,Kohrt,vkohrt83@forbes.com,4
Arnoldo,Klimschak,aklimschak84@columbia.edu,1
Catharine,Gabbatt,cgabbatt85@alexa.com,3
Sharai,Killick,skillick86@naver.com,3
Vicky,Ransom,vransom87@statcounter.com,1
Fernanda,Haack,fhaack88@twitpic.com,5
Alwyn,Espinay,aespinay89@slate.com,2
Sofie,Hughson,shughson8a@usa.gov,6
Charlot,Overil,coveril8b@nsw.gov.au,2
Berke,Vercruysse,bvercruysse8c@gizmodo.com,5
Elsworth,Ramsey,eramsey8d@liveinternet.ru,4
Jorry,d'Escoffier,jdescoffier8e@seattletimes.com,4
Lesley,Cauldwell,lcauldwell8f@dedecms.com,2
Sylvan,Deighan,sdeighan8g@archive.org,6
Clemmy,Gallaher,cgallaher8h@ehow.com,3
Lia,Sweating,lsweating8i@paypal.com,5
Lamond,Strettle,lstrettle8j@sourceforge.net,1
Marguerite,Luetchford,mluetchford8k@engadget.com,1
Norman,Broomhead,nbroomhead8l@intel.com,4
Chicky,Brattan,cbrattan8m@1688.com,3
Jocko,Sexstone,jsexstone8n@booking.com,6
Gardie,Richardt,grichardt8o@acquirethisname.com,4
Annetta,Liddicoat,aliddicoat8p@photobucket.com,1
Marla,Asals,masals8q@salon.com,1
Aloysius,Grocott,agrocott8r@telegraph.co.uk,5
Olenolin,Kirrage,okirrage8s@topsy.com,3
Geri,Pettyfar,gpettyfar8t@youtu.be,2
Phillipp,Brockhouse,pbrockhouse8u@europa.eu,2
Hobart,Gater,hgater8v@cloudflare.com,10
Tera,Arni,tarni8w@ycombinator.com,3
Gracie,McVie,gmcvie8x@biglobe.ne.jp,1
Pauli,Ciccerale,pciccerale8y@stanford.edu,5
Kelbee,Manzell,kmanzell8z@vimeo.com,4
Baxter,Boyson,bboyson90@usgs.gov,2
Wallie,Towler,wtowler91@geocities.com,3
Ivonne,Trenchard,itrenchard92@addtoany.com,2
Merwin,Franchioni,mfranchioni93@photobucket.com,3
Johnny,Whaites,jwhaites94@tinypic.com,4
Tomasine,Sherburn,tsherburn95@g.co,6
Reggie,Pillington,rpillington96@furl.net,5
Seana,Storres,sstorres97@eepurl.com,2
Kasey,Pache,kpache98@illinois.edu,4
Igor,Humphrey,ihumphrey99@free.fr,2
Consalve,Showers,cshowers9a@mlb.com,7
Jamey,Alred,jalred9b@networkadvertising.org,5
Guglielmo,Rasell,grasell9c@de.vu,4
Saidee,Ritzman,sritzman9d@scientificamerican.com,9
Cornelle,Kinch,ckinch9e@liveinternet.ru,5
Si,Clougher,sclougher9f@dion.ne.jp,3
Brigid,Colaton,bcolaton9g@de.vu,2
Murdock,Frankiewicz,mfrankiewicz9h@nba.com,6
Tiertza,Khotler,tkhotler9i@rakuten.co.jp,3
Mindy,Sigsworth,msigsworth9j@vistaprint.com,2
Marys,Moxham,mmoxham9k@jiathis.com,1
Archambault,Walster,awalster9l@devhub.com,5
Lola,Cocklie,lcocklie9m@goodreads.com,1
Evonne,Dodgshun,edodgshun9n@about.com,6
Kareem,Raffels,kraffels9o@narod.ru,2
Myrvyn,Leffek,mleffek9p@google.com.hk,1
Wendi,Pluck,wpluck9q@google.ca,2
Gael,Willoway,gwilloway9r@shutterfly.com,1
Halli,Piatek,hpiatek9s@stanford.edu,1
Heda,Aizikowitz,haizikowitz9t@fc2.com,2
Robinett,Newnham,rnewnham9u@acquirethisname.com,4
Sherman,Gimenez,sgimenez9v@linkedin.com,5
Wendy,Concannon,wconcannon9w@seesaa.net,3
Mariann,FitzGilbert,mfitzgilbert9x@example.com,2
Darla,Skedge,dskedge9y@yahoo.com,4
Aurel,Sagar,asagar9z@dailymotion.com,3
Sharleen,Blackden,sblackdena0@vk.com,7
Alair,McLurg,amclurga1@wufoo.com,6
Cristina,Tuxwell,ctuxwella2@apple.com,4
Moselle,Beldam,mbeldama3@creativecommons.org,9
Thedrick,Measom,tmeasoma4@washingtonpost.com,1
Ruprecht,Bottle,rbottlea5@sina.com.cn,2
Basia,Ferrand,bferranda6@freewebs.com,4
Aggie,Melmore,amelmorea7@typepad.com,5
Kacy,Leger,klegera8@census.gov,2
Ferd,Lealle,fleallea9@livejournal.com,5
Joletta,Greener,jgreeneraa@umn.edu,4
Mile,Rawood,mrawoodab@alibaba.com,3
Carissa,Spyvye,cspyvyeac@kickstarter.com,5
Kaycee,Bradburn,kbradburnad@usda.gov,1
Garfield,Duffield,gduffieldae@jimdo.com,2
Darlleen,Shears,dshearsaf@discovery.com,5
Romonda,Van Rembrandt,rvanrembrandtag@people.com.cn,3
Petronilla,Gilroy,pgilroyah@elegantthemes.com,2
Quintana,Trodd,qtroddai@quantcast.com,3
Shay,O' Mullane,somullaneaj@phoca.cz,6
Ester,Hearon,ehearonak@example.com,3
Park,Oaker,poakeral@ft.com,1
Piper,Veevers,pveeversam@ibm.com,2
Eryn,Knee,ekneean@time.com,1
Tasha,Durdle,tdurdleao@cdbaby.com,1
Stacia,Peet,speetap@4shared.com,4
Ingrim,Lacroux,ilacrouxaq@earthlink.net,2
Anya,Lainge,alaingear@jigsy.com,1
Hildagarde,Maffulli,hmaffullias@google.pl,3
Norbert,McGilvra,nmcgilvraat@gov.uk,4
Bernelle,Greschik,bgreschikau@zimbio.com,4
Myra,Blackburn,mblackburnav@webnode.com,1
Lezley,Dyte,ldyteaw@desdev.cn,3
Gaby,Normanville,gnormanvilleax@prnewswire.com,3
Valida,Keyser,vkeyseray@newyorker.com,6
Dehlia,Naulls,dnaullsaz@ifeng.com,6
Randie,Teodori,rteodorib0@ow.ly,2
Sheree,O' Liddy,soliddyb1@seattletimes.com,8
Gallagher,Keward,gkewardb2@themeforest.net,1
Cathryn,Dinning,cdinningb3@newyorker.com,3
Sawyere,Franzman,sfranzmanb4@4shared.com,2
Egor,Olivier,eolivierb5@etsy.com,3
Chiquita,Gurry,cgurryb6@nbcnews.com,2
Inger,Kamien,ikamienb7@blogtalkradio.com,5
Kent,D'Ruel,kdruelb8@typepad.com,4
Georgianna,Brothwell,gbrothwellb9@domainmarket.com,1
Bowie,Bruneton,bbrunetonba@github.com,6
Fran,McEwen,fmcewenbb@example.com,3
Pierce,Ruspine,pruspinebc@elegantthemes.com,4
Ruperto,Gibbons,rgibbonsbd@nymag.com,4
Ban,Riccione,briccionebe@google.com,4
Lauren,Kirkam,lkirkambf@studiopress.com,6
Angeline,Cosham,acoshambg@harvard.edu,9
Thebault,Vitet,tvitetbh@umn.edu,5
Verna,O'Keeffe,vokeeffebi@apache.org,2
Lilla,Seville,lsevillebj@phpbb.com,2
Susy,Blockley,sblockleybk@washington.edu,2
Gabbey,Redfern,gredfernbl@networkadvertising.org,4
Amelita,Momford,amomfordbm@yandex.ru,4
Daron,Clipston,dclipstonbn@symantec.com,4
Jena,Mazella,jmazellabo@biglobe.ne.jp,2
Breanne,Raynton,brayntonbp@buzzfeed.com,5
Riccardo,Dimitrov,rdimitrovbq@npr.org,1
Milton,Keasy,mkeasybr@merriam-webster.com,1
Fabian,Dulake,fdulakebs@stumbleupon.com,5
Raymund,Struan,rstruanbt@intel.com,4
Major,Howat,mhowatbu@oaic.gov.au,2
Tobias,Gilchrest,tgilchrestbv@twitpic.com,4
Anson,Farguhar,afarguharbw@flickr.com,3
West,Strathman,wstrathmanbx@oakley.com,3
Kat,Munkley,kmunkleyby@oracle.com,5
Steven,Beteriss,sbeterissbz@webnode.com,2
Aliza,Inkle,ainklec0@ihg.com,3
Rocky,Dosdale,rdosdalec1@pen.io,5
Jarrett,Dossett,jdossettc2@addthis.com,3
Moina,Cottham,mcotthamc3@answers.com,6
Nadya,Diehn,ndiehnc4@jigsy.com,1
Dorian,Ottiwill,dottiwillc5@columbia.edu,3
Annie,Bragginton,abraggintonc6@npr.org,3
Lorrie,Wathen,lwathenc7@tamu.edu,2
Igor,Leimster,ileimsterc8@pagesperso-orange.fr,3
Cale,Smithend,csmithendc9@de.vu,2
Michel,Mumbray,mmumbrayca@tumblr.com,3
Blinny,Heckney,bheckneycb@tripod.com,4
Levy,Noto,lnotocc@ycombinator.com,9
Melania,Maberley,mmaberleycd@google.de,3
Sharity,Iveson,sivesonce@auda.org.au,2
Talyah,Vlach,tvlachcf@sbwire.com,6
Adoree,Pedracci,apedraccicg@dell.com,5
Melisande,Girardot,mgirardotch@springer.com,4
Brooke,Huc,bhucci@illinois.edu,1
Kennie,Craik,kcraikcj@netvibes.com,3
Hermina,Bennetto,hbennettock@ucsd.edu,3
Thorvald,Pitford,tpitfordcl@shareasale.com,3
Lynnette,Rothert,lrothertcm@nyu.edu,3
Zane,Antrag,zantragcn@va.gov,3
Fran,Dumbleton,fdumbletonco@blogs.com,3
Nancy,Jurisic,njurisiccp@scientificamerican.com,1
Douglass,Tart,dtartcq@vinaora.com,1
Lenette,Mustoo,lmustoocr@imageshack.us,3
Olav,Pepler,opeplercs@guardian.co.uk,2
Aymer,Glaserman,aglasermanct@google.com.au,2
Norina,Spitell,nspitellcu@yahoo.co.jp,5
Lib,Morgue,lmorguecv@state.gov,4
Carmencita,Radwell,cradwellcw@cafepress.com,1
Benson,Jeandet,bjeandetcx@senate.gov,3
Germayne,Wasbey,gwasbeycy@wikia.com,7
Monique,Atheis,matheiscz@surveymonkey.com,4
Galven,Peile,gpeiled0@merriam-webster.com,2
Lucinda,Paladino,lpaladinod1@123-reg.co.uk,2
Bibbie,Seavers,bseaversd2@biblegateway.com,4
Vito,Lambarton,vlambartond3@goo.ne.jp,5
Hermina,Ritchard,hritchardd4@yandex.ru,7
Haleigh,Shambrooke,hshambrooked5@ow.ly,4
Emery,Pee,epeed6@tamu.edu,3
Pietra,Gaffon,pgaffond7@pinterest.com,3
Bobbi,Gripton,bgriptond8@youku.com,7
Lilli,Casino,lcasinod9@topsy.com,1
Valene,Cordner,vcordnerda@google.com,1
Adlai,Ricoald,aricoalddb@unc.edu,1
Rea,McGrory,rmcgrorydc@go.com,5
Etan,Kippie,ekippiedd@dagondesign.com,5
Vivie,McCarthy,vmccarthyde@amazon.co.jp,2
Cornelius,Wyatt,cwyattdf@seesaa.net,5
Courtney,De Angelis,cdeangelisdg@hhs.gov,2
Danna,Dishmon,ddishmondh@xinhuanet.com,4
Mattie,Pendergrast,mpendergrastdi@woothemes.com,3
Chicky,Rozec,crozecdj@youtu.be,4
Saunders,Landis,slandisdk@etsy.com,5
Estrella,Chander,echanderdl@ox.ac.uk,5
Adler,Martyns,amartynsdm@purevolume.com,1
Anni,Tosney,atosneydn@phpbb.com,7
Harriette,Roome,hroomedo@ebay.co.uk,6
Sandro,Fallawe,sfallawedp@opera.com,4
Egbert,Landrean,elandreandq@altervista.org,5
Bink,Spiby,bspibydr@nsw.gov.au,3
Verena,Alvy,valvyds@paginegialle.it,3
Bill,Claw,bclawdt@skype.com,7
Cy,Evert,cevertdu@tinypic.com,4
Madelaine,Zanettini,mzanettinidv@yahoo.co.jp,2
Othilia,Dubber,odubberdw@github.io,3
Debi,Thorington,dthoringtondx@yellowpages.com,2
Garold,Stinchcombe,gstinchcombedy@whitehouse.gov,6
Gabriell,Donwell,gdonwelldz@prweb.com,3
Demetre,Dorman,ddormane0@disqus.com,5
Marlyn,Tissier,mtissiere1@google.ru,2
Abey,Mantz,amantze2@netvibes.com,5
Dolly,Sakins,dsakinse3@soup.io,5
Beret,Drogan,bdrogane4@umn.edu,1
Ailey,Kayes,akayese5@amazon.com,4
Correna,MacGoun,cmacgoune6@twitter.com,5
Marlie,Epton,meptone7@marketwatch.com,5
Glyn,Mariyushkin,gmariyushkine8@skype.com,2
Ariela,Haythorne,ahaythornee9@myspace.com,6
Brady,Emberson,bembersonea@youtube.com,5
Dillon,Gartell,dgartelleb@statcounter.com,3
Drusy,Feavyour,dfeavyourec@aol.com,3
Goldarina,Stocking,gstockinged@csmonitor.com,3
Fredrick,Hateley,fhateleyee@state.tx.us,5
Roosevelt,Stevani,rstevanief@fc2.com,1
Chance,Apfler,capflereg@macromedia.com,5
Jeffy,Dupree,jdupreeeh@facebook.com,1
Tish,Oliva,tolivaei@dailymotion.com,6
Freedman,Pedden,fpeddenej@cdbaby.com,5
Diarmid,Scothern,dscothernek@merriam-webster.com,6
Wendye,Carson,wcarsonel@google.fr,3
Babara,Dreye,bdreyeem@skyrock.com,4
Olga,De Hoogh,odehooghen@people.com.cn,2
Chloe,Willard,cwillardeo@imgur.com,5
Bella,Rieflin,brieflinep@amazonaws.com,2
Horten,Clibbery,hclibberyeq@flavors.me,1
Borg,Taplow,btaplower@amazon.com,3
Marnia,Davinet,mdavinetes@jimdo.com,3
Wake,Paddock,wpaddocket@mapy.cz,5
Maxy,Enos,menoseu@google.co.uk,3
Paloma,Gravener,pgravenerev@nsw.gov.au,6
Oberon,Ferryman,oferrymanew@mit.edu,2
Caprice,Doy,cdoyex@com.com,6
Ignacius,Rabbage,irabbageey@delicious.com,3
Husein,Pantlin,hpantlinez@sitemeter.com,1
Austine,Woollam,awoollamf0@oaic.gov.au,1
Giulio,Richardeau,grichardeauf1@imdb.com,2
Leola,Launchbury,llaunchburyf2@state.gov,1
Abel,Gamon,agamonf3@sciencedaily.com,3
Anson,Lydiard,alydiardf4@youku.com,3
Horatia,Yanin,hyaninf5@salon.com,4
Ethe,Weepers,eweepersf6@noaa.gov,2
Emeline,Galiford,egalifordf7@msn.com,1
Georgianne,Lansly,glanslyf8@cbsnews.com,1
Perren,Huxster,phuxsterf9@dropbox.com,2
Kaitlin,Correa,kcorreafa@fc2.com,4
Una,Grimshaw,ugrimshawfb@imageshack.us,1
Salem,Douse,sdousefc@sakura.ne.jp,7
Latrena,Jermey,ljermeyfd@buzzfeed.com,5
Krystal,MacIlriach,kmacilriachfe@wufoo.com,2
Allsun,Attenburrow,aattenburrowff@google.de,3
Brenda,Uzielli,buziellifg@vinaora.com,5
Jaimie,Raithbie,jraithbiefh@blogger.com,3
Jenica,Davidai,jdavidaifi@woothemes.com,6
Fredek,Cowlas,fcowlasfj@lycos.com,3
Lorilyn,Whitcher,lwhitcherfk@imgur.com,6
Issiah,Harlin,iharlinfl@technorati.com,2
Yasmin,Delhanty,ydelhantyfm@wikipedia.org,3
Prescott,Fitzsymon,pfitzsymonfn@vkontakte.ru,3
Pauly,Stirzaker,pstirzakerfo@illinois.edu,3
Hilda,Crownshaw,hcrownshawfp@nationalgeographic.com,1
Dido,Koschek,dkoschekfq@parallels.com,5
Lillis,Stickney,lstickneyfr@eepurl.com,5
Ruthie,Ashbolt,rashboltfs@soup.io,7
Dougie,Jimson,djimsonft@networkadvertising.org,2
North,Leavens,nleavensfu@jalbum.net,3
Allsun,Orchard,aorchardfv@dagondesign.com,2
Bank,Pinches,bpinchesfw@booking.com,3
Iago,Cunney,icunneyfx@psu.edu,8
Bev,Godfray,bgodfrayfy@sbwire.com,6
Marmaduke,Hardeman,mhardemanfz@cdbaby.com,2
Casper,Blowing,cblowingg0@ask.com,3
Gabriel,Emett,gemettg1@china.com.cn,1
Pete,Bramo,pbramog2@bravesites.com,6
Carroll,Union,cuniong3@google.com.au,1
Bonnie,Petrusch,bpetruschg4@flavors.me,7
Alonso,Procter,aprocterg5@cocolog-nifty.com,3
Spence,Baptist,sbaptistg6@sourceforge.net,2
Audie,Morales,amoralesg7@columbia.edu,3
Sadie,Staries,sstariesg8@lulu.com,3
Zandra,O'Concannon,zoconcannong9@mozilla.com,4
Bourke,Jenney,bjenneyga@ucla.edu,3
Kaitlin,Rubinek,krubinekgb@pagesperso-orange.fr,4
Mei,Cosh,mcoshgc@surveymonkey.com,4
Rikki,MacCarter,rmaccartergd@hubpages.com,4
Candi,Clemmitt,cclemmittge@oracle.com,1
Barbie,Vel,bvelgf@ebay.co.uk,3
Honey,Haisell,hhaisellgg@prweb.com,6
Charley,Bendare,cbendaregh@sbwire.com,4
Elladine,Minchinton,eminchintongi@arizona.edu,6
Zebadiah,Bresland,zbreslandgj@youtu.be,6
Salvidor,Snaden,ssnadengk@foxnews.com,6
Kala,Tomasoni,ktomasonigl@technorati.com,1
Lotta,Vickery,lvickerygm@linkedin.com,3
Gilberta,Henrique,ghenriquegn@hibu.com,3
Fonzie,Corking,fcorkinggo@ehow.com,5
Franky,Withrington,fwithringtongp@dagondesign.com,1
Bartholemy,Wraith,bwraithgq@fema.gov,2
Frederigo,Stallan,fstallangr@123-reg.co.uk,6
Elisabetta,Hearnshaw,ehearnshawgs@newsvine.com,6
Ann,Tow,atowgt@drupal.org,4
Johnnie,Scorthorne,jscorthornegu@yolasite.com,3
Killian,Hordell,khordellgv@devhub.com,3
Giovanna,Gallienne,ggalliennegw@taobao.com,2
Far,Espley,fespleygx@un.org,2
Keary,Kippax,kkippaxgy@state.tx.us,2
Inessa,Skentelbery,iskentelberygz@wix.com,6
Merla,Chillingworth,mchillingworthh0@yellowbook.com,3
Buck,Supple,bsuppleh1@census.gov,4
Kareem,MacKall,kmackallh2@tuttocitta.it,3
Grethel,Rothchild,grothchildh3@slate.com,5
Guillema,Swateridge,gswateridgeh4@newyorker.com,5
Bond,Boutellier,bboutellierh5@bloglines.com,5
Barri,Tuberfield,btuberfieldh6@yahoo.com,3
Wilone,Rowlings,wrowlingsh7@mit.edu,3
Gracie,Rainton,graintonh8@prlog.org,1
Audrye,Canty,acantyh9@answers.com,2
Guillemette,Doble,gdobleha@webs.com,2
Annamaria,Isham,aishamhb@bing.com,1
Morgan,Dearl,mdearlhc@topsy.com,1
Lilli,Clutterham,lclutterhamhd@reverbnation.com,5
Myrvyn,Mathivon,mmathivonhe@issuu.com,4
Emiline,Stilly,estillyhf@digg.com,6
Ula,Ridsdole,uridsdolehg@baidu.com,4
Addy,Richardeau,arichardeauhh@facebook.com,3
Lyell,Wims,lwimshi@rediff.com,3
Aundrea,Phillipps,aphillippshj@godaddy.com,3
Daria,Bendall,dbendallhk@senate.gov,4
Natty,Cortin,ncortinhl@skyrock.com,1
Neal,Carine,ncarinehm@eventbrite.com,3
Kamila,Poxon,kpoxonhn@shutterfly.com,4
Jo-anne,Robjohns,jrobjohnsho@networkadvertising.org,4
Ara,Lye,alyehp@salon.com,6
Fields,De Cruce,fdecrucehq@dyndns.org,4
Lemmie,Manchester,lmanchesterhr@etsy.com,7
Jamesy,Barsham,jbarshamhs@va.gov,7
Lacey,Burlingham,lburlinghamht@smh.com.au,2
Fremont,Tanby,ftanbyhu@nytimes.com,4
Robinson,Blaschek,rblaschekhv@cbslocal.com,5
Terrence,Mecco,tmeccohw@paypal.com,4
Marieann,Mityukov,mmityukovhx@etsy.com,5
Pip,Franzen,pfranzenhy@addthis.com,3
Hilde,Petow,hpetowhz@bloglovin.com,4
Tamarah,Spada,tspadai0@princeton.edu,1
Eliot,Willimot,ewillimoti1@github.io,3
Dominique,Petschelt,dpetschelti2@webnode.com,4
Winni,Twiddell,wtwiddelli3@adobe.com,2
Art,Hamon,ahamoni4@cnet.com,6
Aimee,Learned,alearnedi5@berkeley.edu,8
Brittni,Minchindon,bminchindoni6@google.cn,5
Rivy,Ironside,rironsidei7@sourceforge.net,3
Madelaine,Scahill,mscahilli8@cpanel.net,3
Ethe,Dumberrill,edumberrilli9@amazonaws.com,4
Jena,Kordovani,jkordovaniia@people.com.cn,2
Ronald,Coots,rcootsib@shareasale.com,2
Mauricio,Rivilis,mrivilisic@goodreads.com,4
Antons,Hampstead,ahampsteadid@amazon.co.jp,3
Kelsey,MacDuff,kmacduffie@state.gov,2
Ado,Luce,aluceif@chron.com,4
Kathleen,Roubay,kroubayig@telegraph.co.uk,6
Lucias,Thickett,lthickettih@dagondesign.com,3
Paulie,Terbruggen,pterbruggenii@i2i.jp,8
Kaye,Timby,ktimbyij@squidoo.com,2
Bree,Risebrow,brisebrowik@weebly.com,2
Ange,Gambell,agambellil@ucoz.com,2
Velvet,Klug,vklugim@weebly.com,1
Dal,Magwood,dmagwoodin@over-blog.com,4
Melonie,Frise,mfriseio@bandcamp.com,2
Brandy,Locock,blocockip@imgur.com,4
Berty,Pinilla,bpinillaiq@eventbrite.com,5
Nate,De la Eglise,ndelaegliseir@merriam-webster.com,4
Mufinella,Rallings,mrallingsis@uol.com.br,5
Loise,Empringham,lempringhamit@buzzfeed.com,2
Jess,Milthorpe,jmilthorpeiu@ameblo.jp,8
Theresina,Godleman,tgodlemaniv@myspace.com,4
Lucinda,Bools,lboolsiw@shareasale.com,6
Bryanty,O'Kennedy,bokennedyix@imdb.com,1
Elissa,Sartain,esartainiy@google.cn,6
Megen,Djuricic,mdjuriciciz@cbsnews.com,4
Jess,Croysdale,jcroysdalej0@gravatar.com,6
Delphine,Hugues,dhuguesj1@dailymail.co.uk,3
Tilly,Ellams,tellamsj2@berkeley.edu,4
Augusta,Ennor,aennorj3@delicious.com,4
Bernadene,Iacofo,biacofoj4@alexa.com,1
Erda,Lloyd,elloydj5@epa.gov,3
Bartlett,Doeg,bdoegj6@so-net.ne.jp,7
Randell,Bramsen,rbramsenj7@g.co,2
Nathalia,Rawkesby,nrawkesbyj8@indiatimes.com,3
Aurelea,Boxer,aboxerj9@csmonitor.com,5
Holly,Dorro,hdorroja@google.com.au,5
Abra,Mabbott,amabbottjb@uol.com.br,3
Derrick,Gallon,dgallonjc@example.com,3
Broddie,Filby,bfilbyjd@mtv.com,1
Nedda,Hillam,nhillamje@loc.gov,1
Dar,Henmarsh,dhenmarshjf@nba.com,4
Alexandros,Hebard,ahebardjg@trellian.com,3
Reina,Lamberto,rlambertojh@people.com.cn,1
Kristopher,Strevens,kstrevensji@bizjournals.com,2
Josy,Glozman,jglozmanjj@zimbio.com,7
Julee,Castillou,jcastilloujk@merriam-webster.com,3
Ofilia,Ahern,oahernjl@howstuffworks.com,2
Lemar,Boylin,lboylinjm@twitpic.com,7
Melody,Grubey,mgrubeyjn@naver.com,1
Marjory,Byatt,mbyattjo@biblegateway.com,6
Candice,Yakubovics,cyakubovicsjp@squidoo.com,7
Lockwood,Cozens,lcozensjq@time.com,4
Florida,Royds,froydsjr@dailymotion.com,1
Breanne,Castano,bcastanojs@reverbnation.com,6
Avictor,Swansborough,aswansboroughjt@prweb.com,5
Tull,Luker,tlukerju@constantcontact.com,1
Donny,Varah,dvarahjv@homestead.com,7
Nadean,Kalkhoven,nkalkhovenjw@squidoo.com,8
Benyamin,McEvon,bmcevonjx@networksolutions.com,3
Boyd,Neissen,bneissenjy@behance.net,2
Clemmy,Trimbey,ctrimbeyjz@photobucket.com,6
Nils,Tape,ntapek0@prweb.com,1
Cookie,Burnage,cburnagek1@mapquest.com,2
Jere,Lythgoe,jlythgoek2@irs.gov,5
Quillan,Father,qfatherk3@noaa.gov,5
Nettle,Badini,nbadinik4@webeden.co.uk,3
Osbourn,Ferrulli,oferrullik5@chicagotribune.com,5
Nicki,Flagg,nflaggk6@google.co.jp,4
Kala,Klawi,kklawik7@google.ca,4
Nadine,Pasmore,npasmorek8@wsj.com,6
Sada,Balden,sbaldenk9@exblog.jp,3
Carce,Dillet,cdilletka@printfriendly.com,6
Elisabeth,Geere,egeerekb@plala.or.jp,5
Gualterio,Maddy,gmaddykc@boston.com,5
Milty,Phoebe,mphoebekd@cloudflare.com,3
Ambrosio,Lappine,alappineke@boston.com,2
Aline,Lamont,alamontkf@nationalgeographic.com,8
Micheal,Geraud,mgeraudkg@wunderground.com,7
Natalya,Thunnerclef,nthunnerclefkh@posterous.com,6
Rolando,Champney,rchampneyki@vk.com,3
Zea,Towndrow,ztowndrowkj@skyrock.com,1
Miller,McMylor,mmcmylorkk@nasa.gov,2
Kassi,Trodd,ktroddkl@canalblog.com,1
Franny,Detheridge,fdetheridgekm@cdbaby.com,3
Osgood,O' Meara,oomearakn@nba.com,1
Veradis,Culkin,vculkinko@amazon.co.uk,2
Joshuah,Tappington,jtappingtonkp@phoca.cz,5
Fanny,Ottery,fotterykq@aol.com,4
Doralia,Dommerque,ddommerquekr@virginia.edu,3
Jeniffer,Lampl,jlamplks@amazon.de,6
Ardra,Stockin,astockinkt@live.com,7
Bernette,Holdron,bholdronku@angelfire.com,3
Gabriella,Silverthorne,gsilverthornekv@ycombinator.com,2
Sileas,Machen,smachenkw@china.com.cn,1
Ethelred,Simonin,esimoninkx@engadget.com,5
Wainwright,Physic,wphysicky@japanpost.jp,6
Donnie,Kinnock,dkinnockkz@macromedia.com,4
Taber,Rozec,trozecl0@slashdot.org,1
Rutger,Seyffert,rseyffertl1@ted.com,2
Greer,Petrovic,gpetrovicl2@blogtalkradio.com,3
Rosemonde,Mackriell,rmackrielll3@wikia.com,3
Brice,Imlaw,bimlawl4@hugedomains.com,6
Gun,Gricks,ggricksl5@disqus.com,1
Shell,Hamon,shamonl6@bloglines.com,6
Debera,Limpertz,dlimpertzl7@wikipedia.org,2
Deloria,Bibb,dbibbl8@angelfire.com,1
Harlie,Dorgon,hdorgonl9@woothemes.com,1
Sarene,Proske,sproskela@usnews.com,2
Merrill,Batts,mbattslb@yellowpages.com,5
Sena,Tapscott,stapscottlc@moonfruit.com,6
Olympia,de Cullip,odecullipld@berkeley.edu,1
Gilbert,Mallalieu,gmallalieule@jalbum.net,6
Janis,Oblein,jobleinlf@sogou.com,6
Kinna,Baldacco,kbaldaccolg@un.org,2
Denis,Siemon,dsiemonlh@taobao.com,6
Randie,Rudall,rrudallli@comcast.net,4
Gaby,Shailer,gshailerlj@abc.net.au,6
Frederique,Woodthorpe,fwoodthorpelk@taobao.com,2
Layne,Sobey,lsobeyll@mapquest.com,6
Borden,Walster,bwalsterlm@paypal.com,1
Ginny,Pedycan,gpedycanln@soup.io,3
Hayyim,Valsler,hvalslerlo@virginia.edu,4
Galven,Fallens,gfallenslp@cmu.edu,5
Town,Chatwood,tchatwoodlq@bbc.co.uk,3
Emogene,Pillifant,epillifantlr@tumblr.com,4
Bartolemo,Blamey,bblameyls@bravesites.com,4
Danya,Badgers,dbadgerslt@disqus.com,1
Aguistin,Shurmer,ashurmerlu@microsoft.com,3
Camille,Nicholas,cnicholaslv@1688.com,3
Sephira,Mitham,smithamlw@shop-pro.jp,7
Turner,Crowdy,tcrowdylx@globo.com,3
Joela,Greenman,jgreenmanly@dailymail.co.uk,2
Georgetta,Kettow,gkettowlz@ustream.tv,5
Grantham,Durran,gdurranm0@youtube.com,6
Alley,Durtnal,adurtnalm1@paginegialle.it,3
Dmitri,Freeburn,dfreeburnm2@usa.gov,1
Derek,Wloch,dwlochm3@harvard.edu,1
Blondelle,Stawell,bstawellm4@vimeo.com,6
Ogden,Caseborne,ocasebornem5@amazon.de,1
Evvie,Danser,edanserm6@fastcompany.com,3
Hollyanne,Glennon,hglennonm7@yandex.ru,1
Tripp,Ruckledge,truckledgem8@twitter.com,5
Sheilah,Truter,struterm9@accuweather.com,5
Ginelle,Leidecker,gleideckerma@list-manage.com,4
Antons,Eivers,aeiversmb@tuttocitta.it,2
Micaela,Alderson,maldersonmc@paypal.com,6
Cherice,Gronno,cgronnomd@ning.com,4
Dominica,Ludee,dludeeme@4shared.com,3
Binnie,Brooker,bbrookermf@ow.ly,3
Ikey,Van den Hof,ivandenhofmg@wunderground.com,4
Arlette,Cuttings,acuttingsmh@washington.edu,5
Mella,Pencost,mpencostmi@hexun.com,4
Desi,Brodest,dbrodestmj@mit.edu,7
Kennith,Rylett,krylettmk@howstuffworks.com,5
Buiron,Ellams,bellamsml@dedecms.com,3
Ariadne,Henric,ahenricmm@ocn.ne.jp,4
Sophia,Mixon,smixonmn@cbc.ca,5
Sadie,Carstairs,scarstairsmo@purevolume.com,1
Rosamund,Grigoli,rgrigolimp@cisco.com,4
Anny,Bidnall,abidnallmq@ucsd.edu,4
Luke,Joutapavicius,ljoutapaviciusmr@dailymotion.com,5
Christabel,Trinkwon,ctrinkwonms@msu.edu,4
Brandie,Strickler,bstricklermt@ihg.com,5
Junia,Savile,jsavilemu@mail.ru,4
Nedda,Cuddehay,ncuddehaymv@geocities.com,5
Davidde,Brozek,dbrozekmw@telegraph.co.uk,3
Brandea,Dinsey,bdinseymx@house.gov,8
Annabela,Paik,apaikmy@cocolog-nifty.com,1
Leonerd,Suddock,lsuddockmz@smugmug.com,5
Buddie,David,bdavidn0@jiathis.com,7
Marwin,Chaster,mchastern1@devhub.com,2
Joye,Arthur,jarthurn2@shop-pro.jp,4
Burt,Cargenven,bcargenvenn3@auda.org.au,5
Lauretta,Isac,lisacn4@time.com,6
Killian,Gabbitis,kgabbitisn5@cnn.com,1
Stefa,Benedict,sbenedictn6@cpanel.net,1
Merv,Testro,mtestron7@irs.gov,6
Del,Vardy,dvardyn8@joomla.org,4
Lindsy,Peele,lpeelen9@cnet.com,4
Loydie,Pagram,lpagramna@moonfruit.com,5
Francine,Strowther,fstrowthernb@sciencedaily.com,4
Irvine,Ornelas,iornelasnc@surveymonkey.com,4
Nessie,Liepins,nliepinsnd@feedburner.com,5
Quincey,Burtwhistle,qburtwhistlene@sbwire.com,3
Piggy,Stammirs,pstammirsnf@archive.org,3
Etta,Brocks,ebrocksng@parallels.com,4
Monte,Fries,mfriesnh@go.com,2
Tiertza,Dumsday,tdumsdayni@edublogs.org,4
Giselle,Beggio,gbeggionj@wiley.com,6
Chloette,Kowalski,ckowalskink@surveymonkey.com,4
Lizabeth,Markie,lmarkienl@altervista.org,2
Neilla,Currer,ncurrernm@acquirethisname.com,5
Addy,Blindt,ablindtnn@icq.com,5
Michelina,Tong,mtongno@cbsnews.com,5
Nicola,Fawdery,nfawderynp@behance.net,2
Winni,Leatherland,wleatherlandnq@networkadvertising.org,6
Reiko,Deviney,rdevineynr@nydailynews.com,3
Silas,Tiller,stillerns@unicef.org,3
Rori,Poschel,rposchelnt@samsung.com,5
Merissa,Horsefield,mhorsefieldnu@infoseek.co.jp,4
Walton,Lyes,wlyesnv@photobucket.com,3
Brooke,Dagleas,bdagleasnw@imdb.com,7
Mariquilla,Tilberry,mtilberrynx@geocities.jp,4
Billi,Islep,bislepny@skype.com,1
Rivy,McGuigan,rmcguigannz@microsoft.com,5
Dedra,Bottrell,dbottrello0@prlog.org,4
Josefina,Merdew,jmerdewo1@soup.io,2
Jeramie,Billinge,jbillingeo2@umich.edu,3
Meredith,Mennell,mmennello3@toplist.cz,6
Lauren,Robelet,lrobeleto4@webeden.co.uk,3
Agata,Farman,afarmano5@amazon.co.jp,5
Rudy,Pynner,rpynnero6@zdnet.com,3
Min,Blader,mbladero7@i2i.jp,3
Cosmo,Mycock,cmycocko8@google.pl,2
Wallis,Wheway,wwhewayo9@ocn.ne.jp,1
Marketa,Dewi,mdewioa@webs.com,3
Lise,Kundert,lkundertob@mashable.com,8
Aridatha,Le Sieur,alesieuroc@cornell.edu,7
Romola,Dimock,rdimockod@oaic.gov.au,3
Duffy,Garling,dgarlingoe@geocities.jp,2
Trstram,Crosswaite,tcrosswaiteof@state.gov,4
Janet,Whittleton,jwhittletonog@live.com,5
Jamison,Byass,jbyassoh@vinaora.com,4
Scottie,Handslip,shandslipoi@apple.com,5
Jennilee,Kidwell,jkidwelloj@dot.gov,4
Shaylynn,Meffin,smeffinok@domainmarket.com,1
Evelina,Sharphurst,esharphurstol@so-net.ne.jp,3
Zarla,Cayford,zcayfordom@upenn.edu,3
Darcy,Bunney,dbunneyon@epa.gov,7
Cary,Elgey,celgeyoo@globo.com,6
Normy,Huggan,nhugganop@amazonaws.com,1
Terrel,Lambourne,tlambourneoq@mail.ru,2
Bart,Boutellier,bboutellieror@purevolume.com,6
Creight,Dawid,cdawidos@themeforest.net,2
Christoffer,Vanlint,cvanlintot@army.mil,3
Catarina,Braunton,cbrauntonou@guardian.co.uk,8
Marie-ann,Aspin,maspinov@si.edu,3
Cross,Foskew,cfoskewow@springer.com,4
Eloise,Munt,emuntox@prweb.com,7
Parnell,Richly,prichlyoy@eventbrite.com,4
Cameron,Hiseman,chisemanoz@nsw.gov.au,1
Teddi,MacUchadair,tmacuchadairp0@rakuten.co.jp,2
Stillmann,Garrett,sgarrettp1@example.com,5
Brigitta,Dumke,bdumkep2@mapy.cz,2
Quintilla,Iskowicz,qiskowiczp3@hc360.com,2
Wallie,Otto,wottop4@moonfruit.com,6
Adriena,Beesey,abeeseyp5@addthis.com,3
Burr,Ubsdale,bubsdalep6@ameblo.jp,1
Hillier,Dickings,hdickingsp7@joomla.org,8
Florri,Gosnay,fgosnayp8@tripod.com,3
Freedman,Coom,fcoomp9@sakura.ne.jp,4
Althea,Ballantine,aballantinepa@europa.eu,1
Beaufort,Kubatsch,bkubatschpb@devhub.com,6
Mar,Tessyman,mtessymanpc@google.com.hk,3
Edythe,Beeby,ebeebypd@businesswire.com,3
Oriana,Marklund,omarklundpe@engadget.com,6
Kristien,Carl,kcarlpf@digg.com,4
Marylou,Dowyer,mdowyerpg@exblog.jp,2
Audry,Wattinham,awattinhamph@ycombinator.com,2
Starlene,Dumini,sduminipi@archive.org,1
Sully,Gerrietz,sgerrietzpj@tinypic.com,4
Marcella,Sneller,msnellerpk@upenn.edu,4
Zack,Regan,zreganpl@ihg.com,1
Tanner,Dimsdale,tdimsdalepm@bluehost.com,1
Forester,Comiskey,fcomiskeypn@bandcamp.com,2
Crystal,Hassard,chassardpo@noaa.gov,6
Tybi,Earsman,tearsmanpp@wordpress.com,4
Kaila,Barbrook,kbarbrookpq@yelp.com,1
Giovanni,Matchett,gmatchettpr@pcworld.com,4
Alina,Crolly,acrollyps@e-recht24.de,7
Tulley,Chilton,tchiltonpt@blogs.com,1
Germaine,Alyutin,galyutinpu@japanpost.jp,7
Rycca,Venney,rvenneypv@wunderground.com,3
Travis,Suddards,tsuddardspw@stumbleupon.com,4
Isidor,Touret,itouretpx@fda.gov,1
Pansie,Sleeman,psleemanpy@ustream.tv,4
Brose,Rodolf,brodolfpz@mtv.com,4
Art,Pryor,apryorq0@vkontakte.ru,9
Wendell,Scarlett,wscarlettq1@com.com,2
Ronnie,Jacob,rjacobq2@tinypic.com,4
Link,Lipp,llippq3@nsw.gov.au,5
Maribeth,Gage,mgageq4@cdc.gov,5
Hestia,Eyree,heyreeq5@mayoclinic.com,3
Noni,Dockree,ndockreeq6@wiley.com,3
Simon,Dobrowlski,sdobrowlskiq7@meetup.com,5
Moira,Cianni,mcianniq8@4shared.com,1
Cathleen,Stockton,cstocktonq9@marriott.com,1
Phyllys,Lowden,plowdenqa@senate.gov,1
Minny,Balmadier,mbalmadierqb@about.me,4
Carmelia,Alvis,calvisqc@dailymotion.com,5
Theodor,Buxy,tbuxyqd@1und1.de,4
Nan,Hedin,nhedinqe@moonfruit.com,1
Kacie,Livezley,klivezleyqf@apache.org,6
Claudius,Hopkyns,chopkynsqg@yandex.ru,3
Reinaldo,Oxshott,roxshottqh@cnet.com,8
Bogey,Sapey,bsapeyqi@geocities.jp,4
Paul,Worwood,pworwoodqj@prlog.org,3
Lazar,Canacott,lcanacottqk@addthis.com,3
Carol,Hulme,chulmeql@bizjournals.com,7
Corby,Weld,cweldqm@myspace.com,4
Neron,Giorgiutti,ngiorgiuttiqn@webmd.com,3
Carlye,Lower,clowerqo@ehow.com,3
Marjy,Kinnaird,mkinnairdqp@yellowpages.com,3
Bogey,Weblin,bweblinqq@ca.gov,4
Haroun,Wichard,hwichardqr@sphinn.com,6
Daveen,Moryson,dmorysonqs@bravesites.com,2
Lilas,Parysowna,lparysownaqt@scribd.com,2
Cordelie,Crittal,ccrittalqu@instagram.com,4
Adan,Gillies,agilliesqv@businesswire.com,2
Melonie,Fayerbrother,mfayerbrotherqw@nbcnews.com,6
Brennen,Gordon,bgordonqx@eventbrite.com,1
Dana,Francklin,dfrancklinqy@i2i.jp,4
August,Miles,amilesqz@walmart.com,4
Karlie,Luisetti,kluisettir0@networksolutions.com,4
Cliff,Doe,cdoer1@wikimedia.org,2
Wynnie,Du Fray,wdufrayr2@friendfeed.com,1
Hilliary,Suston,hsustonr3@mysql.com,4
Magda,Vesty,mvestyr4@taobao.com,5
Giffer,MacNeice,gmacneicer5@1688.com,6
Edlin,Shalliker,eshallikerr6@yellowpages.com,1
Emmalee,Jeyness,ejeynessr7@wufoo.com,3
Kimmi,Ropert,kropertr8@purevolume.com,3
Vanda,Evenett,vevenettr9@wufoo.com,5
Lorens,Morgans,lmorgansra@virginia.edu,5
Nadia,Goutcher,ngoutcherrb@forbes.com,1
Rozelle,Cumbridge,rcumbridgerc@discovery.com,3
Gerrilee,Mewitt,gmewittrd@reuters.com,1
Francyne,Alven,falvenre@squarespace.com,1
Leon,Hoogendorp,lhoogendorprf@pagesperso-orange.fr,4
Rubetta,Paynter,rpaynterrg@ted.com,4
Grenville,Zorer,gzorerrh@craigslist.org,2
Thomasine,Mallen,tmallenri@businessinsider.com,3
Sena,Jeandeau,sjeandeaurj@springer.com,1
Arron,Leale,alealerk@loc.gov,4
Corina,Lavarack,clavarackrl@sphinn.com,6
Helen,Laurance,hlaurancerm@tripadvisor.com,1
Jud,Rainsbury,jrainsburyrn@admin.ch,3
Leoine,Ardy,lardyro@chron.com,1
Rory,Charsley,rcharsleyrp@geocities.jp,3
Rosamond,Hayhoe,rhayhoerq@github.com,2
Shepperd,Ayrton,sayrtonrr@ft.com,2